TDSFU Daily run: Mon Oct 27 02:03:32 UTC 2025 TDSFU
TDSFU Daily run: Mon Oct 27 04:42:57 UTC 2025 TDSFU
TDSFU Daily run: Tue Oct 28 04:35:27 UTC 2025 TDSFU
TDSFU Daily run: Wed Oct 29 04:41:26 UTC 2025 TDSFU
TDSFU Daily run: Thu Oct 30 04:35:20 UTC 2025 TDSFU
TDSFU Daily run: Fri Oct 31 04:38:28 UTC 2025 TDSFU
TDSFU Daily run: Sat Nov  1 04:33:03 UTC 2025 TDSFU
TDSFU Daily run: Sun Nov  2 04:35:55 UTC 2025 TDSFU
TDSFU Daily run: Mon Nov  3 04:41:56 UTC 2025 TDSFU
TDSFU Daily run: Tue Nov  4 04:35:38 UTC 2025 TDSFU
TDSFU Daily run: Wed Nov  5 04:36:42 UTC 2025 TDSFU
TDSFU Daily run: Thu Nov  6 04:41:35 UTC 2025 TDSFU
TDSFU Daily run: Fri Nov  7 04:36:05 UTC 2025 TDSFU
TDSFU Daily run: Sat Nov  8 04:34:11 UTC 2025 TDSFU
